{"app":["/app-373abadd9e3911597704.js"],"component---src-pages-404-tsx":["/component---src-pages-404-tsx-f9bd10d93d8b4a07ec92.js"],"component---src-pages-index-tsx":["/component---src-pages-index-tsx-0ce7150a42f26ab77639.js"],"component---src-pages-newproduct-tsx":["/component---src-pages-newproduct-tsx-772fc50f20d98d4b3712.js"],"component---src-pages-page-2-tsx":["/component---src-pages-page-2-tsx-63d5acece5a576aa4e1e.js"],"component---src-pages-posts-tsx":["/component---src-pages-posts-tsx-81f180a180f526f3c9cd.js"],"component---src-pages-shoppingcart-tsx":["/component---src-pages-shoppingcart-tsx-0557ecd45ab8bcad1895.js"]}