{"errors":[],"warnings":[],"namedChunkGroups":{"app":{"chunks":[11,10,3],"assets":["webpack-runtime-c45008e52424950c7a99.js","webpack-runtime-c45008e52424950c7a99.js.map","framework-9fa3c3527bf76bdd7ce7.js","framework-9fa3c3527bf76bdd7ce7.js.map","app-373abadd9e3911597704.js","app-373abadd9e3911597704.js.map"],"children":{},"childAssets":{}},"component---src-pages-404-tsx":{"chunks":[0,1,4],"assets":["styles.40d3ca0cf9d88ea35932.css","styles-8636a280cbc61d53ad10.js","styles-8636a280cbc61d53ad10.js.map","1b2dde215ea3e7284aaaf0d31f51bb1bf0373127-6b48790be97969d0ca8b.js","1b2dde215ea3e7284aaaf0d31f51bb1bf0373127-6b48790be97969d0ca8b.js.map","component---src-pages-404-tsx-f9bd10d93d8b4a07ec92.js","component---src-pages-404-tsx-f9bd10d93d8b4a07ec92.js.map"],"children":{},"childAssets":{}},"component---src-pages-index-tsx":{"chunks":[0,1,5],"assets":["styles.40d3ca0cf9d88ea35932.css","styles-8636a280cbc61d53ad10.js","styles-8636a280cbc61d53ad10.js.map","1b2dde215ea3e7284aaaf0d31f51bb1bf0373127-6b48790be97969d0ca8b.js","1b2dde215ea3e7284aaaf0d31f51bb1bf0373127-6b48790be97969d0ca8b.js.map","component---src-pages-index-tsx-0ce7150a42f26ab77639.js","component---src-pages-index-tsx-0ce7150a42f26ab77639.js.map"],"children":{},"childAssets":{}},"component---src-pages-newproduct-tsx":{"chunks":[0,2,6],"assets":["styles.40d3ca0cf9d88ea35932.css","styles-8636a280cbc61d53ad10.js","styles-8636a280cbc61d53ad10.js.map","e36392ab343067f2efde7adf89b07fcd876a5f6f-2028de909762a565fef6.js","e36392ab343067f2efde7adf89b07fcd876a5f6f-2028de909762a565fef6.js.map","component---src-pages-newproduct-tsx-772fc50f20d98d4b3712.js","component---src-pages-newproduct-tsx-772fc50f20d98d4b3712.js.map"],"children":{},"childAssets":{}},"component---src-pages-page-2-tsx":{"chunks":[0,1,7],"assets":["styles.40d3ca0cf9d88ea35932.css","styles-8636a280cbc61d53ad10.js","styles-8636a280cbc61d53ad10.js.map","1b2dde215ea3e7284aaaf0d31f51bb1bf0373127-6b48790be97969d0ca8b.js","1b2dde215ea3e7284aaaf0d31f51bb1bf0373127-6b48790be97969d0ca8b.js.map","component---src-pages-page-2-tsx-63d5acece5a576aa4e1e.js","component---src-pages-page-2-tsx-63d5acece5a576aa4e1e.js.map"],"children":{},"childAssets":{}},"component---src-pages-posts-tsx":{"chunks":[0,8],"assets":["styles.40d3ca0cf9d88ea35932.css","styles-8636a280cbc61d53ad10.js","styles-8636a280cbc61d53ad10.js.map","component---src-pages-posts-tsx-81f180a180f526f3c9cd.js","component---src-pages-posts-tsx-81f180a180f526f3c9cd.js.map"],"children":{},"childAssets":{}},"component---src-pages-shoppingcart-tsx":{"chunks":[0,2,9],"assets":["styles.40d3ca0cf9d88ea35932.css","styles-8636a280cbc61d53ad10.js","styles-8636a280cbc61d53ad10.js.map","e36392ab343067f2efde7adf89b07fcd876a5f6f-2028de909762a565fef6.js","e36392ab343067f2efde7adf89b07fcd876a5f6f-2028de909762a565fef6.js.map","component---src-pages-shoppingcart-tsx-0557ecd45ab8bcad1895.js","component---src-pages-shoppingcart-tsx-0557ecd45ab8bcad1895.js.map"],"children":{},"childAssets":{}}},"assetsByChunkName":{"app":["webpack-runtime-c45008e52424950c7a99.js","framework-9fa3c3527bf76bdd7ce7.js","app-373abadd9e3911597704.js"],"component---src-pages-404-tsx":["styles.40d3ca0cf9d88ea35932.css","styles-8636a280cbc61d53ad10.js","1b2dde215ea3e7284aaaf0d31f51bb1bf0373127-6b48790be97969d0ca8b.js","component---src-pages-404-tsx-f9bd10d93d8b4a07ec92.js"],"component---src-pages-index-tsx":["styles.40d3ca0cf9d88ea35932.css","styles-8636a280cbc61d53ad10.js","1b2dde215ea3e7284aaaf0d31f51bb1bf0373127-6b48790be97969d0ca8b.js","component---src-pages-index-tsx-0ce7150a42f26ab77639.js"],"component---src-pages-newproduct-tsx":["styles.40d3ca0cf9d88ea35932.css","styles-8636a280cbc61d53ad10.js","e36392ab343067f2efde7adf89b07fcd876a5f6f-2028de909762a565fef6.js","component---src-pages-newproduct-tsx-772fc50f20d98d4b3712.js"],"component---src-pages-page-2-tsx":["styles.40d3ca0cf9d88ea35932.css","styles-8636a280cbc61d53ad10.js","1b2dde215ea3e7284aaaf0d31f51bb1bf0373127-6b48790be97969d0ca8b.js","component---src-pages-page-2-tsx-63d5acece5a576aa4e1e.js"],"component---src-pages-posts-tsx":["styles.40d3ca0cf9d88ea35932.css","styles-8636a280cbc61d53ad10.js","component---src-pages-posts-tsx-81f180a180f526f3c9cd.js"],"component---src-pages-shoppingcart-tsx":["styles.40d3ca0cf9d88ea35932.css","styles-8636a280cbc61d53ad10.js","e36392ab343067f2efde7adf89b07fcd876a5f6f-2028de909762a565fef6.js","component---src-pages-shoppingcart-tsx-0557ecd45ab8bcad1895.js"]}}