{"errors":[],"warnings":[],"namedChunkGroups":{"app":{"chunks":[3,2,0],"assets":["webpack-runtime-cb4a5bd9a2b01fcf0d81.js","webpack-runtime-cb4a5bd9a2b01fcf0d81.js.map","framework-b5f75408e296d63a30ce.js","framework-b5f75408e296d63a30ce.js.map","app-157c57cdee8d426f1925.js","app-157c57cdee8d426f1925.js.map"],"children":{},"childAssets":{}},"component---src-pages-index-js":{"chunks":[1],"assets":["component---src-pages-index-js-2807e0eafd474be43578.js","component---src-pages-index-js-2807e0eafd474be43578.js.map"],"children":{},"childAssets":{}}},"assetsByChunkName":{"app":["webpack-runtime-cb4a5bd9a2b01fcf0d81.js","framework-b5f75408e296d63a30ce.js","app-157c57cdee8d426f1925.js"],"component---src-pages-index-js":["component---src-pages-index-js-2807e0eafd474be43578.js"]}}